file_path,filename,category,subcategory,label,language,file_size
data\samples\benign\flask_examples___init__.py,flask_examples___init__.py,benign,flask,0,Python,1024
data\samples\benign\flask_examples___init___1.py,flask_examples___init___1.py,benign,flask,0,Python,1406
data\samples\benign\flask_examples___init___2.py,flask_examples___init___2.py,benign,flask,0,Python,2072
data\samples\benign\flask_examples___init___3.py,flask_examples___init___3.py,benign,flask,0,Python,5583
data\samples\benign\flask_examples_auth.py,flask_examples_auth.py,benign,flask,0,Python,3296
data\samples\benign\flask_examples_blog.py,flask_examples_blog.py,benign,flask,0,Python,3305
data\samples\benign\flask_examples_blueprints.py,flask_examples_blueprints.py,benign,flask,0,Python,4541
data\samples\benign\flask_examples_blueprints_1.py,flask_examples_blueprints_1.py,benign,flask,0,Python,27017
data\samples\benign\flask_examples_config.py,flask_examples_config.py,benign,flask,0,Python,13219
data\samples\benign\flask_examples_ctx.py,flask_examples_ctx.py,benign,flask,0,Python,18261
data\samples\benign\flask_examples_db.py,flask_examples_db.py,benign,flask,0,Python,1317
data\samples\benign\flask_examples_debughelpers.py,flask_examples_debughelpers.py,benign,flask,0,Python,6070
data\samples\benign\flask_examples_globals.py,flask_examples_globals.py,benign,flask,0,Python,2414
data\samples\benign\flask_examples_helpers.py,flask_examples_helpers.py,benign,flask,0,Python,24637
data\samples\benign\flask_examples_logging.py,flask_examples_logging.py,benign,flask,0,Python,2377
data\samples\benign\flask_examples_make_celery.py,flask_examples_make_celery.py,benign,flask,0,Python,102
data\samples\benign\flask_examples_provider.py,flask_examples_provider.py,benign,flask,0,Python,7644
data\samples\benign\flask_examples_sessions.py,flask_examples_sessions.py,benign,flask,0,Python,14969
data\samples\benign\flask_examples_signals.py,flask_examples_signals.py,benign,flask,0,Python,750
data\samples\benign\flask_examples_tag.py,flask_examples_tag.py,benign,flask,0,Python,9281
data\samples\benign\flask_examples_tasks.py,flask_examples_tasks.py,benign,flask,0,Python,484
data\samples\benign\flask_examples_templating.py,flask_examples_templating.py,benign,flask,0,Python,7336
data\samples\benign\flask_examples_testing.py,flask_examples_testing.py,benign,flask,0,Python,10114
data\samples\benign\flask_examples_typing.py,flask_examples_typing.py,benign,flask,0,Python,3114
data\samples\benign\flask_examples_views.py,flask_examples_views.py,benign,flask,0,Python,954
data\samples\benign\flask_examples_views_1.py,flask_examples_views_1.py,benign,flask,0,Python,429
data\samples\benign\flask_examples_views_2.py,flask_examples_views_2.py,benign,flask,0,Python,6962
data\samples\benign\flask_examples_wrappers.py,flask_examples_wrappers.py,benign,flask,0,Python,9406
data\samples\benign\laravel_AnonymousEvent.php,laravel_AnonymousEvent.php,benign,laravel,0,PHP,3376
data\samples\benign\laravel_Attempting.php,laravel_Attempting.php,benign,laravel,0,PHP,476
data\samples\benign\laravel_AuthManager.php,laravel_AuthManager.php,benign,laravel,0,PHP,9002
data\samples\benign\laravel_AuthServiceProvider.php,laravel_AuthServiceProvider.php,benign,laravel,0,PHP,3110
data\samples\benign\laravel_Authenticatable.php,laravel_Authenticatable.php,benign,laravel,0,PHP,2171
data\samples\benign\laravel_Authenticate.php,laravel_Authenticate.php,benign,laravel,0,PHP,3315
data\samples\benign\laravel_AuthenticateWithBasicAuth.php,laravel_AuthenticateWithBasicAuth.php,benign,laravel,0,PHP,1349
data\samples\benign\laravel_Authenticated.php,laravel_Authenticated.php,benign,laravel,0,PHP,436
data\samples\benign\laravel_AuthenticationException.php,laravel_AuthenticationException.php,benign,laravel,0,PHP,1831
data\samples\benign\laravel_AuthorizationException.php,laravel_AuthorizationException.php,benign,laravel,0,PHP,2236
data\samples\benign\laravel_Authorize.php,laravel_Authorize.php,benign,laravel,0,PHP,2682
data\samples\benign\laravel_BroadcastController.php,laravel_BroadcastController.php,benign,laravel,0,PHP,1238
data\samples\benign\laravel_BroadcastEvent.php,laravel_BroadcastEvent.php,benign,laravel,0,PHP,6108
data\samples\benign\laravel_BroadcastManager.php,laravel_BroadcastManager.php,benign,laravel,0,PHP,15753
data\samples\benign\laravel_BroadcastServiceProvider.php,laravel_BroadcastServiceProvider.php,benign,laravel,0,PHP,1136
data\samples\benign\laravel_CacheTokenRepository.php,laravel_CacheTokenRepository.php,benign,laravel,0,PHP,3602
data\samples\benign\laravel_CanResetPassword.php,laravel_CanResetPassword.php,benign,laravel,0,PHP,625
data\samples\benign\laravel_Channel.php,laravel_Channel.php,benign,laravel,0,PHP,707
data\samples\benign\laravel_ClearResetsCommand.php,laravel_ClearResetsCommand.php,benign,laravel,0,PHP,858
data\samples\benign\laravel_CreatesUserProviders.php,laravel_CreatesUserProviders.php,benign,laravel,0,PHP,2485
data\samples\benign\laravel_CurrentDeviceLogout.php,laravel_CurrentDeviceLogout.php,benign,laravel,0,PHP,442
data\samples\benign\laravel_DatabaseTokenRepository.php,laravel_DatabaseTokenRepository.php,benign,laravel,0,PHP,5351
data\samples\benign\laravel_DatabaseUserProvider.php,laravel_DatabaseUserProvider.php,benign,laravel,0,PHP,5628
data\samples\benign\laravel_EloquentUserProvider.php,laravel_EloquentUserProvider.php,benign,laravel,0,PHP,7674
data\samples\benign\laravel_EncryptedPrivateChannel.php,laravel_EncryptedPrivateChannel.php,benign,laravel,0,PHP,291
data\samples\benign\laravel_EnsureEmailIsVerified.php,laravel_EnsureEmailIsVerified.php,benign,laravel,0,PHP,1191
data\samples\benign\laravel_Failed.php,laravel_Failed.php,benign,laravel,0,PHP,528
data\samples\benign\laravel_FakePendingBroadcast.php,laravel_FakePendingBroadcast.php,benign,laravel,0,PHP,754
data\samples\benign\laravel_Gate.php,laravel_Gate.php,benign,laravel,0,PHP,26878
data\samples\benign\laravel_GateEvaluated.php,laravel_GateEvaluated.php,benign,laravel,0,PHP,969
data\samples\benign\laravel_GenericUser.php,laravel_GenericUser.php,benign,laravel,0,PHP,2739
data\samples\benign\laravel_GuardHelpers.php,laravel_GuardHelpers.php,benign,laravel,0,PHP,2498
data\samples\benign\laravel_HandlesAuthorization.php,laravel_HandlesAuthorization.php,benign,laravel,0,PHP,1345
data\samples\benign\laravel_InteractsWithBroadcasting.php,laravel_InteractsWithBroadcasting.php,benign,laravel,0,PHP,931
data\samples\benign\laravel_InteractsWithSockets.php,laravel_InteractsWithSockets.php,benign,laravel,0,PHP,669
data\samples\benign\laravel_Lockout.php,laravel_Lockout.php,benign,laravel,0,PHP,408
data\samples\benign\laravel_Login.php,laravel_Login.php,benign,laravel,0,PHP,532
data\samples\benign\laravel_Logout.php,laravel_Logout.php,benign,laravel,0,PHP,429
data\samples\benign\laravel_MustVerifyEmail.php,laravel_MustVerifyEmail.php,benign,laravel,0,PHP,1212
data\samples\benign\laravel_OtherDeviceLogout.php,laravel_OtherDeviceLogout.php,benign,laravel,0,PHP,459
data\samples\benign\laravel_PasswordBroker.php,laravel_PasswordBroker.php,benign,laravel,0,PHP,7352
data\samples\benign\laravel_PasswordBrokerManager.php,laravel_PasswordBrokerManager.php,benign,laravel,0,PHP,4220
data\samples\benign\laravel_PasswordReset.php,laravel_PasswordReset.php,benign,laravel,0,PHP,337
data\samples\benign\laravel_PasswordResetLinkSent.php,laravel_PasswordResetLinkSent.php,benign,laravel,0,PHP,355
data\samples\benign\laravel_PasswordResetServiceProvider.php,laravel_PasswordResetServiceProvider.php,benign,laravel,0,PHP,1010
data\samples\benign\laravel_PendingBroadcast.php,laravel_PendingBroadcast.php,benign,laravel,0,PHP,1549
data\samples\benign\laravel_Recaller.php,laravel_Recaller.php,benign,laravel,0,PHP,1858
data\samples\benign\laravel_RedirectIfAuthenticated.php,laravel_RedirectIfAuthenticated.php,benign,laravel,0,PHP,2403
data\samples\benign\laravel_Registered.php,laravel_Registered.php,benign,laravel,0,PHP,348
data\samples\benign\laravel_RequestGuard.php,laravel_RequestGuard.php,benign,laravel,0,PHP,2126
data\samples\benign\laravel_RequirePassword.php,laravel_RequirePassword.php,benign,laravel,0,PHP,2935
data\samples\benign\laravel_ResetPassword.php,laravel_ResetPassword.php,benign,laravel,0,PHP,3565
data\samples\benign\laravel_Response.php,laravel_Response.php,benign,laravel,0,PHP,4364
data\samples\benign\laravel_SendEmailVerificationNotification.php,laravel_SendEmailVerificationNotification.php,benign,laravel,0,PHP,526
data\samples\benign\laravel_SessionGuard.php,laravel_SessionGuard.php,benign,laravel,0,PHP,29591
data\samples\benign\laravel_TokenGuard.php,laravel_TokenGuard.php,benign,laravel,0,PHP,3288
data\samples\benign\laravel_TokenRepositoryInterface.php,laravel_TokenRepositoryInterface.php,benign,laravel,0,PHP,1217
data\samples\benign\laravel_Validated.php,laravel_Validated.php,benign,laravel,0,PHP,465
data\samples\benign\laravel_Verified.php,laravel_Verified.php,benign,laravel,0,PHP,341
data\samples\benign\laravel_VerifyEmail.php,laravel_VerifyEmail.php,benign,laravel,0,PHP,3330
data\samples\benign\thinkphp_App.php,thinkphp_App.php,benign,thinkphp,0,PHP,21971
data\samples\benign\thinkphp_Argument.php,thinkphp_Argument.php,benign,thinkphp,0,PHP,3037
data\samples\benign\thinkphp_Ask.php,thinkphp_Ask.php,benign,thinkphp,0,PHP,9862
data\samples\benign\thinkphp_Autoload.php,thinkphp_Autoload.php,benign,thinkphp,0,PHP,10580
data\samples\benign\thinkphp_Build.php,thinkphp_Build.php,benign,thinkphp,0,PHP,8185
data\samples\benign\thinkphp_Build_1.php,thinkphp_Build_1.php,benign,thinkphp,0,PHP,1783
data\samples\benign\thinkphp_Cache.php,thinkphp_Cache.php,benign,thinkphp,0,PHP,6246
data\samples\benign\thinkphp_Clear.php,thinkphp_Clear.php,benign,thinkphp,0,PHP,2060
data\samples\benign\thinkphp_Collection.php,thinkphp_Collection.php,benign,thinkphp,0,PHP,11153
data\samples\benign\thinkphp_Command.php,thinkphp_Command.php,benign,thinkphp,0,PHP,10912
data\samples\benign\thinkphp_Config.php,thinkphp_Config.php,benign,thinkphp,0,PHP,6540
data\samples\benign\thinkphp_Config_1.php,thinkphp_Config_1.php,benign,thinkphp,0,PHP,3329
data\samples\benign\thinkphp_Console_1.php,thinkphp_Console_1.php,benign,thinkphp,0,PHP,23678
data\samples\benign\thinkphp_Controller.php,thinkphp_Controller.php,benign,thinkphp,0,PHP,6208
data\samples\benign\thinkphp_Controller_1.php,thinkphp_Controller_1.php,benign,thinkphp,0,PHP,1631
data\samples\benign\thinkphp_Cookie.php,thinkphp_Cookie.php,benign,thinkphp,0,PHP,7997
data\samples\benign\thinkphp_Db.php,thinkphp_Db.php,benign,thinkphp,0,PHP,6830
data\samples\benign\thinkphp_Debug.php,thinkphp_Debug.php,benign,thinkphp,0,PHP,7283
data\samples\benign\thinkphp_Definition.php,thinkphp_Definition.php,benign,thinkphp,0,PHP,9867
data\samples\benign\thinkphp_Descriptor.php,thinkphp_Descriptor.php,benign,thinkphp,0,PHP,11813
data\samples\benign\thinkphp_Driver.php,thinkphp_Driver.php,benign,thinkphp,0,PHP,6112
data\samples\benign\thinkphp_Env.php,thinkphp_Env.php,benign,thinkphp,0,PHP,1242
data\samples\benign\thinkphp_Error.php,thinkphp_Error.php,benign,thinkphp,0,PHP,3888
data\samples\benign\thinkphp_Exception.php,thinkphp_Exception.php,benign,thinkphp,0,PHP,1640
data\samples\benign\thinkphp_File.php,thinkphp_File.php,benign,thinkphp,0,PHP,12084
data\samples\benign\thinkphp_File_1.php,thinkphp_File_1.php,benign,thinkphp,0,PHP,7403
data\samples\benign\thinkphp_Help.php,thinkphp_Help.php,benign,thinkphp,0,PHP,2122
data\samples\benign\thinkphp_Hook.php,thinkphp_Hook.php,benign,thinkphp,0,PHP,4818
data\samples\benign\thinkphp_Input.php,thinkphp_Input.php,benign,thinkphp,0,PHP,12618
data\samples\benign\thinkphp_Lang.php,thinkphp_Lang.php,benign,thinkphp,0,PHP,7568
data\samples\benign\thinkphp_Lists.php,thinkphp_Lists.php,benign,thinkphp,0,PHP,2213
data\samples\benign\thinkphp_Lite.php,thinkphp_Lite.php,benign,thinkphp,0,PHP,5154
data\samples\benign\thinkphp_Loader.php,thinkphp_Loader.php,benign,thinkphp,0,PHP,21520
data\samples\benign\thinkphp_Log.php,thinkphp_Log.php,benign,thinkphp,0,PHP,6184
data\samples\benign\thinkphp_Make.php,thinkphp_Make.php,benign,thinkphp,0,PHP,3086
data\samples\benign\thinkphp_Memcache.php,thinkphp_Memcache.php,benign,thinkphp,0,PHP,5175
data\samples\benign\thinkphp_Memcached.php,thinkphp_Memcached.php,benign,thinkphp,0,PHP,5643
data\samples\benign\thinkphp_Model.php,thinkphp_Model.php,benign,thinkphp,0,PHP,1133
data\samples\benign\thinkphp_Option.php,thinkphp_Option.php,benign,thinkphp,0,PHP,5672
data\samples\benign\thinkphp_Output.php,thinkphp_Output.php,benign,thinkphp,0,PHP,5725
data\samples\benign\thinkphp_Paginator.php,thinkphp_Paginator.php,benign,thinkphp,0,PHP,9900
data\samples\benign\thinkphp_Process.php,thinkphp_Process.php,benign,thinkphp,0,PHP,30339
data\samples\benign\thinkphp_Redis.php,thinkphp_Redis.php,benign,thinkphp,0,PHP,5477
data\samples\benign\thinkphp_Response.php,thinkphp_Response.php,benign,thinkphp,0,PHP,8475
data\samples\benign\thinkphp_Route.php,thinkphp_Route.php,benign,thinkphp,0,PHP,2659
data\samples\benign\thinkphp_Schema.php,thinkphp_Schema.php,benign,thinkphp,0,PHP,4624
data\samples\benign\thinkphp_Session.php,thinkphp_Session.php,benign,thinkphp,0,PHP,11090
data\samples\benign\thinkphp_Sqlite.php,thinkphp_Sqlite.php,benign,thinkphp,0,PHP,6093
data\samples\benign\thinkphp_Template.php,thinkphp_Template.php,benign,thinkphp,0,PHP,45617
data\samples\benign\thinkphp_Url.php,thinkphp_Url.php,benign,thinkphp,0,PHP,12951
data\samples\benign\thinkphp_Validate.php,thinkphp_Validate.php,benign,thinkphp,0,PHP,42333
data\samples\benign\thinkphp_View.php,thinkphp_View.php,benign,thinkphp,0,PHP,6916
data\samples\benign\thinkphp_Wincache.php,thinkphp_Wincache.php,benign,thinkphp,0,PHP,4085
data\samples\benign\thinkphp_Xcache.php,thinkphp_Xcache.php,benign,thinkphp,0,PHP,4145
data\samples\benign\thinkphp_base.php,thinkphp_base.php,benign,thinkphp,0,PHP,2663
data\samples\benign\thinkphp_console.php,thinkphp_console.php,benign,thinkphp,0,PHP,747
data\samples\benign\thinkphp_convention.php,thinkphp_convention.php,benign,thinkphp,0,PHP,9836
data\samples\benign\thinkphp_helper.php,thinkphp_helper.php,benign,thinkphp,0,PHP,17690
data\samples\benign\thinkphp_start.php,thinkphp_start.php,benign,thinkphp,0,PHP,734
data\samples\benign\thinkphp_zh-cn.php,thinkphp_zh-cn.php,benign,thinkphp,0,PHP,8267
data\samples\benign\wordpress_abilities-api.php,wordpress_abilities-api.php,benign,wordpress,0,PHP,32800
data\samples\benign\wordpress_abilities.php,wordpress_abilities.php,benign,wordpress,0,PHP,11797
data\samples\benign\wordpress_admin-bar.php,wordpress_admin-bar.php,benign,wordpress,0,PHP,40067
data\samples\benign\wordpress_ai-client.php,wordpress_ai-client.php,benign,wordpress,0,PHP,2549
data\samples\benign\wordpress_atomlib.php,wordpress_atomlib.php,benign,wordpress,0,PHP,12181
data\samples\benign\wordpress_author-template.php,wordpress_author-template.php,benign,wordpress,0,PHP,19844
data\samples\benign\wordpress_block-bindings.php,wordpress_block-bindings.php,benign,wordpress,0,PHP,7632
data\samples\benign\wordpress_block-editor.php,wordpress_block-editor.php,benign,wordpress,0,PHP,28724
data\samples\benign\wordpress_block-patterns.php,wordpress_block-patterns.php,benign,wordpress,0,PHP,15606
data\samples\benign\wordpress_block-template.php,wordpress_block-template.php,benign,wordpress,0,PHP,18257
data\samples\benign\wordpress_bookmark-template.php,wordpress_bookmark-template.php,benign,wordpress,0,PHP,12768
data\samples\benign\wordpress_bookmark.php,wordpress_bookmark.php,benign,wordpress,0,PHP,15427
data\samples\benign\wordpress_cache-compat.php,wordpress_cache-compat.php,benign,wordpress,0,PHP,11021
data\samples\benign\wordpress_cache.php,wordpress_cache.php,benign,wordpress,0,PHP,13486
data\samples\benign\wordpress_canonical.php,wordpress_canonical.php,benign,wordpress,0,PHP,34803
data\samples\benign\wordpress_capabilities.php,wordpress_capabilities.php,benign,wordpress,0,PHP,43584
data\samples\benign\wordpress_category.php,wordpress_category.php,benign,wordpress,0,PHP,12834
data\samples\benign\wordpress_class-IXR.php,wordpress_class-IXR.php,benign,wordpress,0,PHP,2609
data\samples\benign\wordpress_class-avif-info.php,wordpress_class-avif-info.php,benign,wordpress,0,PHP,30008
data\samples\benign\wordpress_class-feed.php,wordpress_class-feed.php,benign,wordpress,0,PHP,539
data\samples\benign\wordpress_class-http.php,wordpress_class-http.php,benign,wordpress,0,PHP,367
data\samples\benign\wordpress_class-json.php,wordpress_class-json.php,benign,wordpress,0,PHP,43676
data\samples\benign\wordpress_class-oembed.php,wordpress_class-oembed.php,benign,wordpress,0,PHP,401
data\samples\benign\wordpress_class-phpass.php,wordpress_class-phpass.php,benign,wordpress,0,PHP,6771
data\samples\benign\wordpress_class-phpmailer.php,wordpress_class-phpmailer.php,benign,wordpress,0,PHP,664
data\samples\benign\wordpress_class-pop3.php,wordpress_class-pop3.php,benign,wordpress,0,PHP,21100
data\samples\benign\wordpress_class-requests.php,wordpress_class-requests.php,benign,wordpress,0,PHP,2237
data\samples\benign\wordpress_class-simplepie.php,wordpress_class-simplepie.php,benign,wordpress,0,PHP,453
data\samples\benign\wordpress_class-smtp.php,wordpress_class-smtp.php,benign,wordpress,0,PHP,457
data\samples\benign\wordpress_class-snoopy.php,wordpress_class-snoopy.php,benign,wordpress,0,PHP,37715
data\samples\benign\wordpress_class-walker-category-dropdown.php,wordpress_class-walker-category-dropdown.php,benign,wordpress,0,PHP,2469
data\samples\benign\wordpress_class-walker-category.php,wordpress_class-walker-category.php,benign,wordpress,0,PHP,8477
data\samples\benign\wordpress_class-walker-comment.php,wordpress_class-walker-comment.php,benign,wordpress,0,PHP,14221
data\samples\benign\wordpress_class-walker-nav-menu.php,wordpress_class-walker-nav-menu.php,benign,wordpress,0,PHP,12044
data\samples\benign\wordpress_class-walker-page-dropdown.php,wordpress_class-walker-page-dropdown.php,benign,wordpress,0,PHP,2710
data\samples\benign\wordpress_class-walker-page.php,wordpress_class-walker-page.php,benign,wordpress,0,PHP,7612
data\samples\benign\wordpress_class-wp-admin-bar.php,wordpress_class-wp-admin-bar.php,benign,wordpress,0,PHP,18002
data\samples\benign\wordpress_class-wp-ajax-response.php,wordpress_class-wp-ajax-response.php,benign,wordpress,0,PHP,5288
data\samples\benign\wordpress_class-wp-application-passwords.php,wordpress_class-wp-application-passwords.php,benign,wordpress,0,PHP,17099
data\samples\benign\wordpress_class-wp-block-bindings-registry.php,wordpress_class-wp-block-bindings-registry.php,benign,wordpress,0,PHP,8263
data\samples\benign\wordpress_class-wp-block-bindings-source.php,wordpress_class-wp-block-bindings-source.php,benign,wordpress,0,PHP,2992
data\samples\benign\wordpress_class-wp-block-editor-context.php,wordpress_class-wp-block-editor-context.php,benign,wordpress,0,PHP,1350
data\samples\benign\wordpress_class-wp-block-list.php,wordpress_class-wp-block-list.php,benign,wordpress,0,PHP,4713
data\samples\benign\wordpress_class-wp-block-metadata-registry.php,wordpress_class-wp-block-metadata-registry.php,benign,wordpress,0,PHP,11846
data\samples\benign\wordpress_class-wp-block-parser-block.php,wordpress_class-wp-block-parser-block.php,benign,wordpress,0,PHP,2555
data\samples\benign\wordpress_class-wp-block-parser-frame.php,wordpress_class-wp-block-parser-frame.php,benign,wordpress,0,PHP,1994
data\samples\benign\wordpress_class-wp-block-parser.php,wordpress_class-wp-block-parser.php,benign,wordpress,0,PHP,11525
data\samples\benign\wordpress_class-wp-block-pattern-categories-registry.php,wordpress_class-wp-block-pattern-categories-registry.php,benign,wordpress,0,PHP,4383
data\samples\benign\wordpress_class-wp-block-patterns-registry.php,wordpress_class-wp-block-patterns-registry.php,benign,wordpress,0,PHP,10265
data\samples\benign\wordpress_class-wp-block-styles-registry.php,wordpress_class-wp-block-styles-registry.php,benign,wordpress,0,PHP,6419
data\samples\benign\wordpress_class-wp-block-supports.php,wordpress_class-wp-block-supports.php,benign,wordpress,0,PHP,7578
data\samples\benign\wordpress_class-wp-block-template.php,wordpress_class-wp-block-template.php,benign,wordpress,0,PHP,2111
data\samples\benign\wordpress_class-wp-block-templates-registry.php,wordpress_class-wp-block-templates-registry.php,benign,wordpress,0,PHP,7080
data\samples\benign\wordpress_class-wp-block-type-registry.php,wordpress_class-wp-block-type-registry.php,benign,wordpress,0,PHP,5305
data\samples\benign\wordpress_class-wp-block-type.php,wordpress_class-wp-block-type.php,benign,wordpress,0,PHP,17222
data\samples\benign\wordpress_class-wp-block.php,wordpress_class-wp-block.php,benign,wordpress,0,PHP,28236
data\samples\benign\wordpress_class-wp-classic-to-block-menu-converter.php,wordpress_class-wp-classic-to-block-menu-converter.php,benign,wordpress,0,PHP,4026
data\samples\benign\wordpress_class-wp-comment-query.php,wordpress_class-wp-comment-query.php,benign,wordpress,0,PHP,49040
data\samples\benign\wordpress_class-wp-comment.php,wordpress_class-wp-comment.php,benign,wordpress,0,PHP,17249
data\samples\benign\wordpress_class-wp-connector-registry.php,wordpress_class-wp-connector-registry.php,benign,wordpress,0,PHP,15181
data\samples\benign\wordpress_class-wp-customize-control.php,wordpress_class-wp-customize-control.php,benign,wordpress,0,PHP,26112
data\samples\benign\wordpress_class-wp-customize-panel.php,wordpress_class-wp-customize-panel.php,benign,wordpress,0,PHP,10703
data\samples\benign\wordpress_class-wp-customize-section.php,wordpress_class-wp-customize-section.php,benign,wordpress,0,PHP,11209
data\samples\benign\wordpress_class-wp-customize-setting.php,wordpress_class-wp-customize-setting.php,benign,wordpress,0,PHP,29956
data\samples\benign\wordpress_class-wp-date-query.php,wordpress_class-wp-date-query.php,benign,wordpress,0,PHP,35970
data\samples\benign\wordpress_class-wp-dependencies.php,wordpress_class-wp-dependencies.php,benign,wordpress,0,PHP,17089
data\samples\benign\wordpress_class-wp-dependency.php,wordpress_class-wp-dependency.php,benign,wordpress,0,PHP,2653
data\samples\benign\wordpress_class-wp-duotone.php,wordpress_class-wp-duotone.php,benign,wordpress,0,PHP,40836
data\samples\benign\wordpress_class-wp-embed.php,wordpress_class-wp-embed.php,benign,wordpress,0,PHP,15908
data\samples\benign\wordpress_class-wp-error.php,wordpress_class-wp-error.php,benign,wordpress,0,PHP,7514
data\samples\benign\wordpress_class-wp-exception.php,wordpress_class-wp-exception.php,benign,wordpress,0,PHP,253
data\samples\benign\wordpress_class-wp-fatal-error-handler.php,wordpress_class-wp-fatal-error-handler.php,benign,wordpress,0,PHP,8150
data\samples\benign\wordpress_class-wp-feed-cache-transient.php,wordpress_class-wp-feed-cache-transient.php,benign,wordpress,0,PHP,3304
data\samples\benign\wordpress_class-wp-feed-cache.php,wordpress_class-wp-feed-cache.php,benign,wordpress,0,PHP,969
data\samples\benign\wordpress_class-wp-filter-sentinel.php,wordpress_class-wp-filter-sentinel.php,benign,wordpress,0,PHP,760
data\samples\benign\wordpress_class-wp-hook.php,wordpress_class-wp-hook.php,benign,wordpress,0,PHP,17472
data\samples\benign\wordpress_class-wp-http-cookie.php,wordpress_class-wp-http-cookie.php,benign,wordpress,0,PHP,7269
data\samples\benign\wordpress_class-wp-http-curl.php,wordpress_class-wp-http-curl.php,benign,wordpress,0,PHP,13261
data\samples\benign\wordpress_class-wp-http-encoding.php,wordpress_class-wp-http-encoding.php,benign,wordpress,0,PHP,6689
data\samples\benign\wordpress_class-wp-http-ixr-client.php,wordpress_class-wp-http-ixr-client.php,benign,wordpress,0,PHP,3516
data\samples\benign\wordpress_class-wp-http-proxy.php,wordpress_class-wp-http-proxy.php,benign,wordpress,0,PHP,5980
data\samples\benign\wordpress_class-wp-http-requests-hooks.php,wordpress_class-wp-http-requests-hooks.php,benign,wordpress,0,PHP,2022
data\samples\benign\wordpress_class-wp-http-requests-response.php,wordpress_class-wp-http-requests-response.php,benign,wordpress,0,PHP,4243
data\samples\benign\wordpress_class-wp-http-response.php,wordpress_class-wp-http-response.php,benign,wordpress,0,PHP,2977
data\samples\benign\wordpress_class-wp-http-streams.php,wordpress_class-wp-http-streams.php,benign,wordpress,0,PHP,16764
data\samples\benign\wordpress_class-wp-http.php,wordpress_class-wp-http.php,benign,wordpress,0,PHP,41641
data\samples\benign\wordpress_class-wp-icon-collections-registry.php,wordpress_class-wp-icon-collections-registry.php,benign,wordpress,0,PHP,5805
data\samples\benign\wordpress_class-wp-icons-registry.php,wordpress_class-wp-icons-registry.php,benign,wordpress,0,PHP,9903
data\samples\benign\wordpress_class-wp-image-editor-gd.php,wordpress_class-wp-image-editor-gd.php,benign,wordpress,0,PHP,20741
data\samples\benign\wordpress_class-wp-image-editor-imagick.php,wordpress_class-wp-image-editor-imagick.php,benign,wordpress,0,PHP,37016
data\samples\benign\wordpress_class-wp-image-editor.php,wordpress_class-wp-image-editor.php,benign,wordpress,0,PHP,17456
data\samples\benign\wordpress_class-wp-list-util.php,wordpress_class-wp-list-util.php,benign,wordpress,0,PHP,7443
data\samples\benign\wordpress_class-wp-locale-switcher.php,wordpress_class-wp-locale-switcher.php,benign,wordpress,0,PHP,6776
data\samples\benign\wordpress_class-wp-locale.php,wordpress_class-wp-locale.php,benign,wordpress,0,PHP,16848
data\samples\benign\wordpress_class-wp-matchesmapregex.php,wordpress_class-wp-matchesmapregex.php,benign,wordpress,0,PHP,1828
data\samples\benign\wordpress_class-wp-meta-query.php,wordpress_class-wp-meta-query.php,benign,wordpress,0,PHP,30507
data\samples\benign\wordpress_class-wp-metadata-lazyloader.php,wordpress_class-wp-metadata-lazyloader.php,benign,wordpress,0,PHP,6833
data\samples\benign\wordpress_class-wp-navigation-fallback.php,wordpress_class-wp-navigation-fallback.php,benign,wordpress,0,PHP,9193
data\samples\benign\wordpress_class-wp-network-query.php,wordpress_class-wp-network-query.php,benign,wordpress,0,PHP,19989
data\samples\benign\wordpress_class-wp-network.php,wordpress_class-wp-network.php,benign,wordpress,0,PHP,12411
data\samples\benign\wordpress_class-wp-object-cache.php,wordpress_class-wp-object-cache.php,benign,wordpress,0,PHP,17524
data\samples\benign\wordpress_class-wp-oembed-controller.php,wordpress_class-wp-oembed-controller.php,benign,wordpress,0,PHP,6905
data\samples\benign\wordpress_class-wp-oembed.php,wordpress_class-wp-oembed.php,benign,wordpress,0,PHP,34372
data\samples\benign\wordpress_class-wp-paused-extensions-storage.php,wordpress_class-wp-paused-extensions-storage.php,benign,wordpress,0,PHP,5067
data\samples\benign\wordpress_class-wp-phpmailer.php,wordpress_class-wp-phpmailer.php,benign,wordpress,0,PHP,4348
data\samples\benign\wordpress_class-wp-plugin-dependencies.php,wordpress_class-wp-plugin-dependencies.php,benign,wordpress,0,PHP,25209
data\samples\benign\wordpress_class-wp-post-type.php,wordpress_class-wp-post-type.php,benign,wordpress,0,PHP,30672
data\samples\benign\wordpress_class-wp-post.php,wordpress_class-wp-post.php,benign,wordpress,0,PHP,8806
data\samples\benign\wordpress_class-wp-recovery-mode-cookie-service.php,wordpress_class-wp-recovery-mode-cookie-service.php,benign,wordpress,0,PHP,6877
data\samples\benign\wordpress_class-wp-recovery-mode-email-service.php,wordpress_class-wp-recovery-mode-email-service.php,benign,wordpress,0,PHP,11162
data\samples\benign\wordpress_class-wp-recovery-mode-key-service.php,wordpress_class-wp-recovery-mode-key-service.php,benign,wordpress,0,PHP,4914
data\samples\benign\wordpress_class-wp-recovery-mode-link-service.php,wordpress_class-wp-recovery-mode-link-service.php,benign,wordpress,0,PHP,3523
data\samples\benign\wordpress_class-wp-recovery-mode.php,wordpress_class-wp-recovery-mode.php,benign,wordpress,0,PHP,11460
data\samples\benign\wordpress_class-wp-role.php,wordpress_class-wp-role.php,benign,wordpress,0,PHP,2523
data\samples\benign\wordpress_class-wp-roles.php,wordpress_class-wp-roles.php,benign,wordpress,0,PHP,9326
data\samples\benign\wordpress_class-wp-script-modules.php,wordpress_class-wp-script-modules.php,benign,wordpress,0,PHP,40599
data\samples\benign\wordpress_class-wp-scripts.php,wordpress_class-wp-scripts.php,benign,wordpress,0,PHP,36754
data\samples\benign\wordpress_class-wp-session-tokens.php,wordpress_class-wp-session-tokens.php,benign,wordpress,0,PHP,7319
data\samples\benign\wordpress_class-wp-simplepie-file.php,wordpress_class-wp-simplepie-file.php,benign,wordpress,0,PHP,3552
data\samples\benign\wordpress_class-wp-simplepie-sanitize-kses.php,wordpress_class-wp-simplepie-sanitize-kses.php,benign,wordpress,0,PHP,1903
data\samples\webshell\johnTroony_php_webshells_Antichat_Shell.php,johnTroony_php_webshells_Antichat_Shell.php,webshell,johnTroony_webshell,1,PHP,12828
data\samples\webshell\johnTroony_php_webshells_Ayyildiz_Tim.php,johnTroony_php_webshells_Ayyildiz_Tim.php,webshell,johnTroony_webshell,1,PHP,10144
data\samples\webshell\johnTroony_php_webshells_CrystalShell.php,johnTroony_php_webshells_CrystalShell.php,webshell,johnTroony_webshell,1,PHP,41610
data\samples\webshell\johnTroony_php_webshells_GFS_web-shell.php,johnTroony_php_webshells_GFS_web-shell.php,webshell,johnTroony_webshell,1,PHP,21782
data\samples\webshell\johnTroony_php_webshells_GRP_WebShell.php,johnTroony_php_webshells_GRP_WebShell.php,webshell,johnTroony_webshell,1,PHP,16928
data\samples\webshell\johnTroony_php_webshells_c99_madnet.php,johnTroony_php_webshells_c99_madnet.php,webshell,johnTroony_webshell,1,PHP,44351
data\samples\webshell\johnTroony_php_webshells_configkillerionkros.php,johnTroony_php_webshells_configkillerionkros.php,webshell,johnTroony_webshell,1,PHP,7616
data\samples\webshell\johnTroony_php_webshells_cpanel.php,johnTroony_php_webshells_cpanel.php,webshell,johnTroony_webshell,1,PHP,8773
data\samples\webshell\johnTroony_php_webshells_fatal.php,johnTroony_php_webshells_fatal.php,webshell,johnTroony_webshell,1,PHP,19031
data\samples\webshell\johnTroony_php_webshells_go-shell.php,johnTroony_php_webshells_go-shell.php,webshell,johnTroony_webshell,1,PHP,2137
data\samples\webshell\johnTroony_php_webshells_h4ntu_shell.php,johnTroony_php_webshells_h4ntu_shell.php,webshell,johnTroony_webshell,1,PHP,2475
data\samples\webshell\johnTroony_php_webshells_hiddens_shell.php,johnTroony_php_webshells_hiddens_shell.php,webshell,johnTroony_webshell,1,PHP,7236
data\samples\webshell\tennc_webshell_2013110125222650.aspx,tennc_webshell_2013110125222650.aspx,webshell,tennc_webshell,1,ASP,27229
data\samples\webshell\tennc_webshell_3802.php,tennc_webshell_3802.php,webshell,tennc_webshell,1,PHP,88
data\samples\webshell\tennc_webshell_404.php,tennc_webshell_404.php,webshell,tennc_webshell,1,PHP,108
data\samples\webshell\tennc_webshell_Expdoor.com ASP专用小马.asp,tennc_webshell_Expdoor.com ASP专用小马.asp,webshell,tennc_webshell,1,ASP,1428
data\samples\webshell\tennc_webshell_Inderxer.asp,tennc_webshell_Inderxer.asp,webshell,tennc_webshell,1,ASP,10269
data\samples\webshell\tennc_webshell_RemExp.asp,tennc_webshell_RemExp.asp,webshell,tennc_webshell,1,ASP,4947
data\samples\webshell\tennc_webshell_Server Variables.asp,tennc_webshell_Server Variables.asp,webshell,tennc_webshell,1,ASP,4947
data\samples\webshell\tennc_webshell_a.asp,tennc_webshell_a.asp,webshell,tennc_webshell,1,ASP,71
data\samples\webshell\tennc_webshell_a.aspx,tennc_webshell_a.aspx,webshell,tennc_webshell,1,ASP,1550
data\samples\webshell\tennc_webshell_abcd.aspx,tennc_webshell_abcd.aspx,webshell,tennc_webshell,1,ASP,118
data\samples\webshell\tennc_webshell_back.php,tennc_webshell_back.php,webshell,tennc_webshell,1,PHP,2976
data\samples\webshell\tennc_webshell_back.py,tennc_webshell_back.py,webshell,tennc_webshell,1,Python,1522
data\samples\webshell\tennc_webshell_base.asp,tennc_webshell_base.asp,webshell,tennc_webshell,1,ASP,205
data\samples\webshell\tennc_webshell_bypass-all.asp,tennc_webshell_bypass-all.asp,webshell,tennc_webshell,1,ASP,236
data\samples\webshell\tennc_webshell_bypass-iisuser-p.asp,tennc_webshell_bypass-iisuser-p.asp,webshell,tennc_webshell,1,ASP,193
data\samples\webshell\tennc_webshell_bypass-waf.asp,tennc_webshell_bypass-waf.asp,webshell,tennc_webshell,1,ASP,102
data\samples\webshell\tennc_webshell_bypass01.php,tennc_webshell_bypass01.php,webshell,tennc_webshell,1,PHP,142
data\samples\webshell\tennc_webshell_bypass_safedog_03.asp,tennc_webshell_bypass_safedog_03.asp,webshell,tennc_webshell,1,ASP,490
data\samples\webshell\tennc_webshell_class-initialize.asp,tennc_webshell_class-initialize.asp,webshell,tennc_webshell,1,ASP,132
data\samples\webshell\tennc_webshell_class-terminate.asp,tennc_webshell_class-terminate.asp,webshell,tennc_webshell,1,ASP,148
data\samples\webshell\tennc_webshell_cmd提权马.asp,tennc_webshell_cmd提权马.asp,webshell,tennc_webshell,1,ASP,2680
data\samples\webshell\tennc_webshell_con2.aspx,tennc_webshell_con2.aspx,webshell,tennc_webshell,1,ASP,31666
data\samples\webshell\tennc_webshell_cpanel.asp,tennc_webshell_cpanel.asp,webshell,tennc_webshell,1,ASP,4947
data\samples\webshell\tennc_webshell_create-activex-object.asp,tennc_webshell_create-activex-object.asp,webshell,tennc_webshell,1,ASP,604
data\samples\webshell\tennc_webshell_execute-session.asp,tennc_webshell_execute-session.asp,webshell,tennc_webshell,1,ASP,141
data\samples\webshell\tennc_webshell_filesystembrowser.aspx,tennc_webshell_filesystembrowser.aspx,webshell,tennc_webshell,1,ASP,6945
data\samples\webshell\tennc_webshell_good_1.asp,tennc_webshell_good_1.asp,webshell,tennc_webshell,1,ASP,23117
data\samples\webshell\tennc_webshell_ice.asp,tennc_webshell_ice.asp,webshell,tennc_webshell,1,ASP,99672
data\samples\webshell\tennc_webshell_jsp_custom_script_for_oracle.jsp,tennc_webshell_jsp_custom_script_for_oracle.jsp,webshell,tennc_webshell,1,JSP,21853
data\samples\webshell\tennc_webshell_jsp_custom_spy_for_mysql.jsp,tennc_webshell_jsp_custom_spy_for_mysql.jsp,webshell,tennc_webshell,1,JSP,14306
data\samples\webshell\tennc_webshell_klasvayv.asp,tennc_webshell_klasvayv.asp,webshell,tennc_webshell,1,ASP,4947
data\samples\webshell\tennc_webshell_php1.php,tennc_webshell_php1.php,webshell,tennc_webshell,1,PHP,337
data\samples\webshell\tennc_webshell_php2.php,tennc_webshell_php2.php,webshell,tennc_webshell,1,PHP,473
data\samples\webshell\tennc_webshell_php3.php,tennc_webshell_php3.php,webshell,tennc_webshell,1,PHP,632
data\samples\webshell\tennc_webshell_php_create_function.php,tennc_webshell_php_create_function.php,webshell,tennc_webshell,1,PHP,87
data\samples\webshell\tennc_webshell_php_custom_script_for_mysql_fix.php,tennc_webshell_php_custom_script_for_mysql_fix.php,webshell,tennc_webshell,1,PHP,12391
data\samples\webshell\tennc_webshell_php_custom_spy_for_mysql.php,tennc_webshell_php_custom_spy_for_mysql.php,webshell,tennc_webshell,1,PHP,10788
data\samples\webshell\tennc_webshell_php_niu_3.php,tennc_webshell_php_niu_3.php,webshell,tennc_webshell,1,PHP,1106
data\samples\webshell\tennc_webshell_proxy.py,tennc_webshell_proxy.py,webshell,tennc_webshell,1,Python,1779
data\samples\webshell\tennc_webshell_python2_custom_script.py,tennc_webshell_python2_custom_script.py,webshell,tennc_webshell,1,Python,12223
data\samples\webshell\tennc_webshell_radhat.asp,tennc_webshell_radhat.asp,webshell,tennc_webshell,1,ASP,97557
data\samples\webshell\tennc_webshell_shell-2021-03-18.php,tennc_webshell_shell-2021-03-18.php,webshell,tennc_webshell,1,PHP,818
data\samples\webshell\tennc_webshell_shell-2021-04-23.php,tennc_webshell_shell-2021-04-23.php,webshell,tennc_webshell,1,PHP,1033
data\samples\webshell\tennc_webshell_shell.asp,tennc_webshell_shell.asp,webshell,tennc_webshell,1,ASP,981
data\samples\webshell\tennc_webshell_shell2020-12-06.php,tennc_webshell_shell2020-12-06.php,webshell,tennc_webshell,1,PHP,660
data\samples\webshell\tennc_webshell_spexec.aspx,tennc_webshell_spexec.aspx,webshell,tennc_webshell,1,ASP,14423
data\samples\webshell\tennc_webshell_sql.aspx,tennc_webshell_sql.aspx,webshell,tennc_webshell,1,ASP,3303
data\samples\webshell\tennc_webshell_utf7-bypass.asp,tennc_webshell_utf7-bypass.asp,webshell,tennc_webshell,1,ASP,159
data\samples\webshell\tennc_webshell_vbencode-bypass.asp,tennc_webshell_vbencode-bypass.asp,webshell,tennc_webshell,1,ASP,97
data\samples\webshell\tennc_webshell_xslt.asp,tennc_webshell_xslt.asp,webshell,tennc_webshell,1,ASP,782
data\samples\webshell\tennc_webshell_xslt.aspx,tennc_webshell_xslt.aspx,webshell,tennc_webshell,1,ASP,1475
data\samples\webshell\tennc_webshell_xx.asp,tennc_webshell_xx.asp,webshell,tennc_webshell,1,ASP,4947
data\samples\webshell\tennc_webshell_不带引号的Asp一句话.asp,tennc_webshell_不带引号的Asp一句话.asp,webshell,tennc_webshell,1,ASP,264
data\samples\sqli\builtin_sqli_payload_001.txt,builtin_sqli_payload_001.txt,sqli,builtin_sqli,1,Text,11
data\samples\sqli\builtin_sqli_payload_002.txt,builtin_sqli_payload_002.txt,sqli,builtin_sqli,1,Text,15
data\samples\sqli\builtin_sqli_payload_003.txt,builtin_sqli_payload_003.txt,sqli,builtin_sqli,1,Text,15
data\samples\sqli\builtin_sqli_payload_004.txt,builtin_sqli_payload_004.txt,sqli,builtin_sqli,1,Text,11
data\samples\sqli\builtin_sqli_payload_005.txt,builtin_sqli_payload_005.txt,sqli,builtin_sqli,1,Text,10
data\samples\sqli\builtin_sqli_payload_006.txt,builtin_sqli_payload_006.txt,sqli,builtin_sqli,1,Text,13
data\samples\sqli\builtin_sqli_payload_007.txt,builtin_sqli_payload_007.txt,sqli,builtin_sqli,1,Text,12
data\samples\sqli\builtin_sqli_payload_008.txt,builtin_sqli_payload_008.txt,sqli,builtin_sqli,1,Text,8
data\samples\sqli\builtin_sqli_payload_009.txt,builtin_sqli_payload_009.txt,sqli,builtin_sqli,1,Text,8
data\samples\sqli\builtin_sqli_payload_010.txt,builtin_sqli_payload_010.txt,sqli,builtin_sqli,1,Text,9
data\samples\sqli\builtin_sqli_payload_011.txt,builtin_sqli_payload_011.txt,sqli,builtin_sqli,1,Text,7
data\samples\sqli\builtin_sqli_payload_012.txt,builtin_sqli_payload_012.txt,sqli,builtin_sqli,1,Text,22
data\samples\sqli\builtin_sqli_payload_013.txt,builtin_sqli_payload_013.txt,sqli,builtin_sqli,1,Text,27
data\samples\sqli\builtin_sqli_payload_014.txt,builtin_sqli_payload_014.txt,sqli,builtin_sqli,1,Text,32
data\samples\sqli\builtin_sqli_payload_015.txt,builtin_sqli_payload_015.txt,sqli,builtin_sqli,1,Text,23
data\samples\sqli\builtin_sqli_payload_016.txt,builtin_sqli_payload_016.txt,sqli,builtin_sqli,1,Text,25
data\samples\sqli\builtin_sqli_payload_017.txt,builtin_sqli_payload_017.txt,sqli,builtin_sqli,1,Text,27
data\samples\sqli\builtin_sqli_payload_018.txt,builtin_sqli_payload_018.txt,sqli,builtin_sqli,1,Text,27
data\samples\sqli\builtin_sqli_payload_019.txt,builtin_sqli_payload_019.txt,sqli,builtin_sqli,1,Text,28
data\samples\sqli\builtin_sqli_payload_020.txt,builtin_sqli_payload_020.txt,sqli,builtin_sqli,1,Text,32
data\samples\sqli\builtin_sqli_payload_021.txt,builtin_sqli_payload_021.txt,sqli,builtin_sqli,1,Text,31
data\samples\sqli\builtin_sqli_payload_022.txt,builtin_sqli_payload_022.txt,sqli,builtin_sqli,1,Text,63
data\samples\sqli\builtin_sqli_payload_023.txt,builtin_sqli_payload_023.txt,sqli,builtin_sqli,1,Text,90
data\samples\sqli\builtin_sqli_payload_024.txt,builtin_sqli_payload_024.txt,sqli,builtin_sqli,1,Text,107
data\samples\sqli\builtin_sqli_payload_025.txt,builtin_sqli_payload_025.txt,sqli,builtin_sqli,1,Text,104
data\samples\sqli\builtin_sqli_payload_026.txt,builtin_sqli_payload_026.txt,sqli,builtin_sqli,1,Text,69
data\samples\sqli\builtin_sqli_payload_027.txt,builtin_sqli_payload_027.txt,sqli,builtin_sqli,1,Text,51
data\samples\sqli\builtin_sqli_payload_028.txt,builtin_sqli_payload_028.txt,sqli,builtin_sqli,1,Text,12
data\samples\sqli\builtin_sqli_payload_029.txt,builtin_sqli_payload_029.txt,sqli,builtin_sqli,1,Text,12
data\samples\sqli\builtin_sqli_payload_030.txt,builtin_sqli_payload_030.txt,sqli,builtin_sqli,1,Text,37
data\samples\sqli\builtin_sqli_payload_031.txt,builtin_sqli_payload_031.txt,sqli,builtin_sqli,1,Text,37
data\samples\sqli\builtin_sqli_payload_032.txt,builtin_sqli_payload_032.txt,sqli,builtin_sqli,1,Text,39
data\samples\sqli\builtin_sqli_payload_033.txt,builtin_sqli_payload_033.txt,sqli,builtin_sqli,1,Text,49
data\samples\sqli\builtin_sqli_payload_034.txt,builtin_sqli_payload_034.txt,sqli,builtin_sqli,1,Text,50
data\samples\sqli\builtin_sqli_payload_035.txt,builtin_sqli_payload_035.txt,sqli,builtin_sqli,1,Text,38
data\samples\sqli\builtin_sqli_payload_036.txt,builtin_sqli_payload_036.txt,sqli,builtin_sqli,1,Text,39
data\samples\sqli\builtin_sqli_payload_037.txt,builtin_sqli_payload_037.txt,sqli,builtin_sqli,1,Text,20
data\samples\sqli\builtin_sqli_payload_038.txt,builtin_sqli_payload_038.txt,sqli,builtin_sqli,1,Text,17
data\samples\sqli\builtin_sqli_payload_039.txt,builtin_sqli_payload_039.txt,sqli,builtin_sqli,1,Text,18
data\samples\sqli\builtin_sqli_payload_040.txt,builtin_sqli_payload_040.txt,sqli,builtin_sqli,1,Text,39
data\samples\sqli\builtin_sqli_payload_041.txt,builtin_sqli_payload_041.txt,sqli,builtin_sqli,1,Text,27
data\samples\sqli\builtin_sqli_payload_042.txt,builtin_sqli_payload_042.txt,sqli,builtin_sqli,1,Text,27
data\samples\sqli\builtin_sqli_payload_043.txt,builtin_sqli_payload_043.txt,sqli,builtin_sqli,1,Text,54
data\samples\sqli\builtin_sqli_payload_044.txt,builtin_sqli_payload_044.txt,sqli,builtin_sqli,1,Text,52
data\samples\sqli\builtin_sqli_payload_045.txt,builtin_sqli_payload_045.txt,sqli,builtin_sqli,1,Text,27
data\samples\sqli\builtin_sqli_payload_046.txt,builtin_sqli_payload_046.txt,sqli,builtin_sqli,1,Text,28
data\samples\sqli\builtin_sqli_payload_047.txt,builtin_sqli_payload_047.txt,sqli,builtin_sqli,1,Text,53
data\samples\sqli\builtin_sqli_payload_048.txt,builtin_sqli_payload_048.txt,sqli,builtin_sqli,1,Text,52
data\samples\sqli\builtin_sqli_payload_049.txt,builtin_sqli_payload_049.txt,sqli,builtin_sqli,1,Text,55
data\samples\sqli\builtin_sqli_payload_050.txt,builtin_sqli_payload_050.txt,sqli,builtin_sqli,1,Text,126
data\samples\sqli\builtin_sqli_payload_051.txt,builtin_sqli_payload_051.txt,sqli,builtin_sqli,1,Text,132
data\samples\sqli\builtin_sqli_payload_052.txt,builtin_sqli_payload_052.txt,sqli,builtin_sqli,1,Text,25
data\samples\sqli\builtin_sqli_payload_053.txt,builtin_sqli_payload_053.txt,sqli,builtin_sqli,1,Text,22
data\samples\sqli\builtin_sqli_payload_054.txt,builtin_sqli_payload_054.txt,sqli,builtin_sqli,1,Text,46
data\samples\sqli\builtin_sqli_payload_055.txt,builtin_sqli_payload_055.txt,sqli,builtin_sqli,1,Text,63
data\samples\sqli\builtin_sqli_payload_056.txt,builtin_sqli_payload_056.txt,sqli,builtin_sqli,1,Text,24
data\samples\sqli\builtin_sqli_payload_057.txt,builtin_sqli_payload_057.txt,sqli,builtin_sqli,1,Text,18
data\samples\sqli\builtin_sqli_payload_058.txt,builtin_sqli_payload_058.txt,sqli,builtin_sqli,1,Text,14
data\samples\sqli\builtin_sqli_payload_059.txt,builtin_sqli_payload_059.txt,sqli,builtin_sqli,1,Text,18
data\samples\sqli\builtin_sqli_payload_060.txt,builtin_sqli_payload_060.txt,sqli,builtin_sqli,1,Text,16
data\samples\sqli\builtin_sqli_payload_061.txt,builtin_sqli_payload_061.txt,sqli,builtin_sqli,1,Text,14
data\samples\sqli\builtin_sqli_payload_062.txt,builtin_sqli_payload_062.txt,sqli,builtin_sqli,1,Text,12
data\samples\sqli\builtin_sqli_payload_063.txt,builtin_sqli_payload_063.txt,sqli,builtin_sqli,1,Text,13
data\samples\sqli\builtin_sqli_payload_064.txt,builtin_sqli_payload_064.txt,sqli,builtin_sqli,1,Text,9
data\samples\sqli\builtin_sqli_payload_065.txt,builtin_sqli_payload_065.txt,sqli,builtin_sqli,1,Text,10
data\samples\sqli\builtin_sqli_payload_066.txt,builtin_sqli_payload_066.txt,sqli,builtin_sqli,1,Text,10
data\samples\sqli\builtin_sqli_payload_067.txt,builtin_sqli_payload_067.txt,sqli,builtin_sqli,1,Text,11
data\samples\sqli\builtin_sqli_payload_068.txt,builtin_sqli_payload_068.txt,sqli,builtin_sqli,1,Text,11
data\samples\sqli\builtin_sqli_payload_069.txt,builtin_sqli_payload_069.txt,sqli,builtin_sqli,1,Text,11
data\samples\sqli\builtin_sqli_payload_070.txt,builtin_sqli_payload_070.txt,sqli,builtin_sqli,1,Text,14
data\samples\sqli\builtin_sqli_payload_071.txt,builtin_sqli_payload_071.txt,sqli,builtin_sqli,1,Text,9
data\samples\sqli\builtin_sqli_payload_072.txt,builtin_sqli_payload_072.txt,sqli,builtin_sqli,1,Text,11
data\samples\sqli\builtin_sqli_payload_073.txt,builtin_sqli_payload_073.txt,sqli,builtin_sqli,1,Text,15
data\samples\sqli\builtin_sqli_payload_074.txt,builtin_sqli_payload_074.txt,sqli,builtin_sqli,1,Text,19
data\samples\sqli\builtin_sqli_payload_075.txt,builtin_sqli_payload_075.txt,sqli,builtin_sqli,1,Text,21
data\samples\sqli\builtin_sqli_payload_076.txt,builtin_sqli_payload_076.txt,sqli,builtin_sqli,1,Text,36
data\samples\sqli\builtin_sqli_payload_077.txt,builtin_sqli_payload_077.txt,sqli,builtin_sqli,1,Text,37
data\samples\sqli\builtin_sqli_payload_078.txt,builtin_sqli_payload_078.txt,sqli,builtin_sqli,1,Text,30
data\samples\sqli\builtin_sqli_payload_079.txt,builtin_sqli_payload_079.txt,sqli,builtin_sqli,1,Text,24
data\samples\sqli\builtin_sqli_payload_080.txt,builtin_sqli_payload_080.txt,sqli,builtin_sqli,1,Text,25
data\samples\sqli\builtin_sqli_payload_081.txt,builtin_sqli_payload_081.txt,sqli,builtin_sqli,1,Text,23
data\samples\sqli\builtin_sqli_payload_082.txt,builtin_sqli_payload_082.txt,sqli,builtin_sqli,1,Text,24
data\samples\obfuscated\base64\johnTroony_php_webshells_Antichat_Shell_base64.php,johnTroony_php_webshells_Antichat_Shell_base64.php,obfuscated,base64,1,PHP,17129
data\samples\obfuscated\base64\johnTroony_php_webshells_Ayyildiz_Tim_base64.php,johnTroony_php_webshells_Ayyildiz_Tim_base64.php,obfuscated,base64,1,PHP,13137
data\samples\obfuscated\base64\johnTroony_php_webshells_CrystalShell_base64.php,johnTroony_php_webshells_CrystalShell_base64.php,obfuscated,base64,1,PHP,53493
data\samples\obfuscated\base64\johnTroony_php_webshells_GFS_web-shell_base64.php,johnTroony_php_webshells_GFS_web-shell_base64.php,obfuscated,base64,1,PHP,28925
data\samples\obfuscated\base64\johnTroony_php_webshells_GRP_WebShell_base64.php,johnTroony_php_webshells_GRP_WebShell_base64.php,obfuscated,base64,1,PHP,21825
data\samples\obfuscated\base64\johnTroony_php_webshells_c99_madnet_base64.php,johnTroony_php_webshells_c99_madnet_base64.php,obfuscated,base64,1,PHP,59161
data\samples\obfuscated\base64\johnTroony_php_webshells_configkillerionkros_base64.php,johnTroony_php_webshells_configkillerionkros_base64.php,obfuscated,base64,1,PHP,10161
data\samples\obfuscated\base64\johnTroony_php_webshells_cpanel_base64.php,johnTroony_php_webshells_cpanel_base64.php,obfuscated,base64,1,PHP,11725
data\samples\obfuscated\base64\johnTroony_php_webshells_fatal_base64.php,johnTroony_php_webshells_fatal_base64.php,obfuscated,base64,1,PHP,25365
data\samples\obfuscated\base64\johnTroony_php_webshells_go-shell_base64.php,johnTroony_php_webshells_go-shell_base64.php,obfuscated,base64,1,PHP,2769
data\samples\obfuscated\base64\johnTroony_php_webshells_h4ntu_shell_base64.php,johnTroony_php_webshells_h4ntu_shell_base64.php,obfuscated,base64,1,PHP,3333
data\samples\obfuscated\base64\johnTroony_php_webshells_hiddens_shell_base64.php,johnTroony_php_webshells_hiddens_shell_base64.php,obfuscated,base64,1,PHP,9677
data\samples\obfuscated\base64\tennc_webshell_3802_base64.php,tennc_webshell_3802_base64.php,obfuscated,base64,1,PHP,137
data\samples\obfuscated\base64\tennc_webshell_404_base64.php,tennc_webshell_404_base64.php,obfuscated,base64,1,PHP,169
data\samples\obfuscated\base64\tennc_webshell_back_base64.php,tennc_webshell_back_base64.php,obfuscated,base64,1,PHP,3989
data\samples\obfuscated\base64\tennc_webshell_back_base64.py,tennc_webshell_back_base64.py,obfuscated,base64,1,Python,2072
data\samples\obfuscated\base64\tennc_webshell_bypass01_base64.php,tennc_webshell_bypass01_base64.php,obfuscated,base64,1,PHP,209
data\samples\obfuscated\base64\tennc_webshell_php1_base64.php,tennc_webshell_php1_base64.php,obfuscated,base64,1,PHP,473
data\samples\obfuscated\base64\tennc_webshell_php2_base64.php,tennc_webshell_php2_base64.php,obfuscated,base64,1,PHP,657
data\samples\obfuscated\base64\tennc_webshell_php3_base64.php,tennc_webshell_php3_base64.php,obfuscated,base64,1,PHP,865
data\samples\obfuscated\base64\tennc_webshell_php_create_function_base64.php,tennc_webshell_php_create_function_base64.php,obfuscated,base64,1,PHP,141
data\samples\obfuscated\base64\tennc_webshell_php_custom_script_for_mysql_fix_base64.php,tennc_webshell_php_custom_script_for_mysql_fix_base64.php,obfuscated,base64,1,PHP,16541
data\samples\obfuscated\base64\tennc_webshell_php_custom_spy_for_mysql_base64.php,tennc_webshell_php_custom_spy_for_mysql_base64.php,obfuscated,base64,1,PHP,14405
data\samples\obfuscated\base64\tennc_webshell_php_niu_3_base64.php,tennc_webshell_php_niu_3_base64.php,obfuscated,base64,1,PHP,1501
data\samples\obfuscated\base64\tennc_webshell_proxy_base64.py,tennc_webshell_proxy_base64.py,obfuscated,base64,1,Python,2412
data\samples\obfuscated\base64\tennc_webshell_python2_custom_script_base64.py,tennc_webshell_python2_custom_script_base64.py,obfuscated,base64,1,Python,16340
data\samples\obfuscated\base64\tennc_webshell_shell-2021-03-18_base64.php,tennc_webshell_shell-2021-03-18_base64.php,obfuscated,base64,1,PHP,1113
data\samples\obfuscated\base64\tennc_webshell_shell-2021-04-23_base64.php,tennc_webshell_shell-2021-04-23_base64.php,obfuscated,base64,1,PHP,1397
data\samples\obfuscated\base64\tennc_webshell_shell2020-12-06_base64.php,tennc_webshell_shell2020-12-06_base64.php,obfuscated,base64,1,PHP,901
data\samples\obfuscated\comment_bypass\johnTroony_php_webshells_Antichat_Shell_comment_bypass.php,johnTroony_php_webshells_Antichat_Shell_comment_bypass.php,obfuscated,comment_bypass,1,PHP,13217
data\samples\obfuscated\comment_bypass\johnTroony_php_webshells_Ayyildiz_Tim_comment_bypass.php,johnTroony_php_webshells_Ayyildiz_Tim_comment_bypass.php,obfuscated,comment_bypass,1,PHP,10155
data\samples\obfuscated\comment_bypass\johnTroony_php_webshells_CrystalShell_comment_bypass.php,johnTroony_php_webshells_CrystalShell_comment_bypass.php,obfuscated,comment_bypass,1,PHP,41157
data\samples\obfuscated\comment_bypass\johnTroony_php_webshells_GFS_web-shell_comment_bypass.php,johnTroony_php_webshells_GFS_web-shell_comment_bypass.php,obfuscated,comment_bypass,1,PHP,22229
data\samples\obfuscated\comment_bypass\johnTroony_php_webshells_GRP_WebShell_comment_bypass.php,johnTroony_php_webshells_GRP_WebShell_comment_bypass.php,obfuscated,comment_bypass,1,PHP,17016
data\samples\obfuscated\comment_bypass\johnTroony_php_webshells_c99_madnet_comment_bypass.php,johnTroony_php_webshells_c99_madnet_comment_bypass.php,obfuscated,comment_bypass,1,PHP,44370
data\samples\obfuscated\comment_bypass\johnTroony_php_webshells_configkillerionkros_comment_bypass.php,johnTroony_php_webshells_configkillerionkros_comment_bypass.php,obfuscated,comment_bypass,1,PHP,7868
data\samples\obfuscated\comment_bypass\johnTroony_php_webshells_cpanel_comment_bypass.php,johnTroony_php_webshells_cpanel_comment_bypass.php,obfuscated,comment_bypass,1,PHP,8959
data\samples\obfuscated\comment_bypass\johnTroony_php_webshells_fatal_comment_bypass.php,johnTroony_php_webshells_fatal_comment_bypass.php,obfuscated,comment_bypass,1,PHP,19372
data\samples\obfuscated\comment_bypass\johnTroony_php_webshells_h4ntu_shell_comment_bypass.php,johnTroony_php_webshells_h4ntu_shell_comment_bypass.php,obfuscated,comment_bypass,1,PHP,2561
data\samples\obfuscated\comment_bypass\johnTroony_php_webshells_hiddens_shell_comment_bypass.php,johnTroony_php_webshells_hiddens_shell_comment_bypass.php,obfuscated,comment_bypass,1,PHP,7248
data\samples\obfuscated\comment_bypass\tennc_webshell_back_comment_bypass.php,tennc_webshell_back_comment_bypass.php,obfuscated,comment_bypass,1,PHP,3159
data\samples\obfuscated\comment_bypass\tennc_webshell_back_comment_bypass.py,tennc_webshell_back_comment_bypass.py,obfuscated,comment_bypass,1,Python,1595
data\samples\obfuscated\comment_bypass\tennc_webshell_bypass01_comment_bypass.php,tennc_webshell_bypass01_comment_bypass.php,obfuscated,comment_bypass,1,PHP,163
data\samples\obfuscated\comment_bypass\tennc_webshell_php_create_function_comment_bypass.php,tennc_webshell_php_create_function_comment_bypass.php,obfuscated,comment_bypass,1,PHP,95
data\samples\obfuscated\comment_bypass\tennc_webshell_php_custom_script_for_mysql_fix_comment_bypass.php,tennc_webshell_php_custom_script_for_mysql_fix_comment_bypass.php,obfuscated,comment_bypass,1,PHP,12908
data\samples\obfuscated\comment_bypass\tennc_webshell_php_custom_spy_for_mysql_comment_bypass.php,tennc_webshell_php_custom_spy_for_mysql_comment_bypass.php,obfuscated,comment_bypass,1,PHP,11249
data\samples\obfuscated\comment_bypass\tennc_webshell_python2_custom_script_comment_bypass.py,tennc_webshell_python2_custom_script_comment_bypass.py,obfuscated,comment_bypass,1,Python,12582
data\samples\obfuscated\comment_bypass\tennc_webshell_shell-2021-03-18_comment_bypass.php,tennc_webshell_shell-2021-03-18_comment_bypass.php,obfuscated,comment_bypass,1,PHP,857
data\samples\obfuscated\comment_bypass\tennc_webshell_shell-2021-04-23_comment_bypass.php,tennc_webshell_shell-2021-04-23_comment_bypass.php,obfuscated,comment_bypass,1,PHP,1065
data\samples\obfuscated\comment_bypass\tennc_webshell_shell2020-12-06_comment_bypass.php,tennc_webshell_shell2020-12-06_comment_bypass.php,obfuscated,comment_bypass,1,PHP,694
data\samples\obfuscated\string_split\johnTroony_php_webshells_Antichat_Shell_string_split.php,johnTroony_php_webshells_Antichat_Shell_string_split.php,obfuscated,string_split,1,PHP,13223
data\samples\obfuscated\string_split\johnTroony_php_webshells_Ayyildiz_Tim_string_split.php,johnTroony_php_webshells_Ayyildiz_Tim_string_split.php,obfuscated,string_split,1,PHP,10158
data\samples\obfuscated\string_split\johnTroony_php_webshells_CrystalShell_string_split.php,johnTroony_php_webshells_CrystalShell_string_split.php,obfuscated,string_split,1,PHP,41189
data\samples\obfuscated\string_split\johnTroony_php_webshells_GFS_web-shell_string_split.php,johnTroony_php_webshells_GFS_web-shell_string_split.php,obfuscated,string_split,1,PHP,22238
data\samples\obfuscated\string_split\johnTroony_php_webshells_GRP_WebShell_string_split.php,johnTroony_php_webshells_GRP_WebShell_string_split.php,obfuscated,string_split,1,PHP,17038
data\samples\obfuscated\string_split\johnTroony_php_webshells_c99_madnet_string_split.php,johnTroony_php_webshells_c99_madnet_string_split.php,obfuscated,string_split,1,PHP,44373
data\samples\obfuscated\string_split\johnTroony_php_webshells_configkillerionkros_string_split.php,johnTroony_php_webshells_configkillerionkros_string_split.php,obfuscated,string_split,1,PHP,7874
data\samples\obfuscated\string_split\johnTroony_php_webshells_cpanel_string_split.php,johnTroony_php_webshells_cpanel_string_split.php,obfuscated,string_split,1,PHP,8961
data\samples\obfuscated\string_split\johnTroony_php_webshells_fatal_string_split.php,johnTroony_php_webshells_fatal_string_split.php,obfuscated,string_split,1,PHP,19391
data\samples\obfuscated\string_split\johnTroony_php_webshells_h4ntu_shell_string_split.php,johnTroony_php_webshells_h4ntu_shell_string_split.php,obfuscated,string_split,1,PHP,2563
data\samples\obfuscated\string_split\johnTroony_php_webshells_hiddens_shell_string_split.php,johnTroony_php_webshells_hiddens_shell_string_split.php,obfuscated,string_split,1,PHP,7251
data\samples\obfuscated\string_split\tennc_webshell_back_string_split.php,tennc_webshell_back_string_split.php,obfuscated,string_split,1,PHP,3173
data\samples\obfuscated\string_split\tennc_webshell_back_string_split.py,tennc_webshell_back_string_split.py,obfuscated,string_split,1,Python,1595
data\samples\obfuscated\string_split\tennc_webshell_bypass01_string_split.php,tennc_webshell_bypass01_string_split.php,obfuscated,string_split,1,PHP,165
data\samples\obfuscated\string_split\tennc_webshell_php_create_function_string_split.php,tennc_webshell_php_create_function_string_split.php,obfuscated,string_split,1,PHP,97
data\samples\obfuscated\string_split\tennc_webshell_php_custom_script_for_mysql_fix_string_split.php,tennc_webshell_php_custom_script_for_mysql_fix_string_split.php,obfuscated,string_split,1,PHP,12922
data\samples\obfuscated\string_split\tennc_webshell_php_custom_spy_for_mysql_string_split.php,tennc_webshell_php_custom_spy_for_mysql_string_split.php,obfuscated,string_split,1,PHP,11263
data\samples\obfuscated\string_split\tennc_webshell_python2_custom_script_string_split.py,tennc_webshell_python2_custom_script_string_split.py,obfuscated,string_split,1,Python,12582
data\samples\obfuscated\string_split\tennc_webshell_shell-2021-03-18_string_split.php,tennc_webshell_shell-2021-03-18_string_split.php,obfuscated,string_split,1,PHP,858
data\samples\obfuscated\string_split\tennc_webshell_shell-2021-04-23_string_split.php,tennc_webshell_shell-2021-04-23_string_split.php,obfuscated,string_split,1,PHP,1066
data\samples\obfuscated\string_split\tennc_webshell_shell2020-12-06_string_split.php,tennc_webshell_shell2020-12-06_string_split.php,obfuscated,string_split,1,PHP,696
data\samples\obfuscated\xor\johnTroony_php_webshells_Antichat_Shell_xor.php,johnTroony_php_webshells_Antichat_Shell_xor.php,obfuscated,xor,1,PHP,51339
data\samples\obfuscated\xor\johnTroony_php_webshells_Ayyildiz_Tim_xor.php,johnTroony_php_webshells_Ayyildiz_Tim_xor.php,obfuscated,xor,1,PHP,39367
data\samples\obfuscated\xor\johnTroony_php_webshells_CrystalShell_xor.php,johnTroony_php_webshells_CrystalShell_xor.php,obfuscated,xor,1,PHP,160431
data\samples\obfuscated\xor\johnTroony_php_webshells_GFS_web-shell_xor.php,johnTroony_php_webshells_GFS_web-shell_xor.php,obfuscated,xor,1,PHP,86731
data\samples\obfuscated\xor\johnTroony_php_webshells_GRP_WebShell_xor.php,johnTroony_php_webshells_GRP_WebShell_xor.php,obfuscated,xor,1,PHP,65427
data\samples\obfuscated\xor\johnTroony_php_webshells_c99_madnet_xor.php,johnTroony_php_webshells_c99_madnet_xor.php,obfuscated,xor,1,PHP,177439
data\samples\obfuscated\xor\johnTroony_php_webshells_configkillerionkros_xor.php,johnTroony_php_webshells_configkillerionkros_xor.php,obfuscated,xor,1,PHP,30443
data\samples\obfuscated\xor\johnTroony_php_webshells_cpanel_xor.php,johnTroony_php_webshells_cpanel_xor.php,obfuscated,xor,1,PHP,35135
data\samples\obfuscated\xor\johnTroony_php_webshells_fatal_xor.php,johnTroony_php_webshells_fatal_xor.php,obfuscated,xor,1,PHP,76055
data\samples\obfuscated\xor\johnTroony_php_webshells_go-shell_xor.php,johnTroony_php_webshells_go-shell_xor.php,obfuscated,xor,1,PHP,8263
data\samples\obfuscated\xor\johnTroony_php_webshells_h4ntu_shell_xor.php,johnTroony_php_webshells_h4ntu_shell_xor.php,obfuscated,xor,1,PHP,9955
data\samples\obfuscated\xor\johnTroony_php_webshells_hiddens_shell_xor.php,johnTroony_php_webshells_hiddens_shell_xor.php,obfuscated,xor,1,PHP,28987
data\samples\obfuscated\xor\tennc_webshell_3802_xor.php,tennc_webshell_3802_xor.php,obfuscated,xor,1,PHP,363
data\samples\obfuscated\xor\tennc_webshell_404_xor.php,tennc_webshell_404_xor.php,obfuscated,xor,1,PHP,459
data\samples\obfuscated\xor\tennc_webshell_back_xor.php,tennc_webshell_back_xor.php,obfuscated,xor,1,PHP,11927
data\samples\obfuscated\xor\tennc_webshell_back_xor.py,tennc_webshell_back_xor.py,obfuscated,xor,1,Python,6154
data\samples\obfuscated\xor\tennc_webshell_bypass01_xor.php,tennc_webshell_bypass01_xor.php,obfuscated,xor,1,PHP,587
data\samples\obfuscated\xor\tennc_webshell_php1_xor.php,tennc_webshell_php1_xor.php,obfuscated,xor,1,PHP,1375
data\samples\obfuscated\xor\tennc_webshell_php2_xor.php,tennc_webshell_php2_xor.php,obfuscated,xor,1,PHP,1923
data\samples\obfuscated\xor\tennc_webshell_php3_xor.php,tennc_webshell_php3_xor.php,obfuscated,xor,1,PHP,2555
data\samples\obfuscated\xor\tennc_webshell_php_create_function_xor.php,tennc_webshell_php_create_function_xor.php,obfuscated,xor,1,PHP,375
data\samples\obfuscated\xor\tennc_webshell_php_custom_script_for_mysql_fix_xor.php,tennc_webshell_php_custom_script_for_mysql_fix_xor.php,obfuscated,xor,1,PHP,49583
data\samples\obfuscated\xor\tennc_webshell_php_custom_spy_for_mysql_xor.php,tennc_webshell_php_custom_spy_for_mysql_xor.php,obfuscated,xor,1,PHP,43175
data\samples\obfuscated\xor\tennc_webshell_php_niu_3_xor.php,tennc_webshell_php_niu_3_xor.php,obfuscated,xor,1,PHP,4455
data\samples\obfuscated\xor\tennc_webshell_proxy_xor.py,tennc_webshell_proxy_xor.py,obfuscated,xor,1,Python,7182
data\samples\obfuscated\xor\tennc_webshell_python2_custom_script_xor.py,tennc_webshell_python2_custom_script_xor.py,obfuscated,xor,1,Python,48958
data\samples\obfuscated\xor\tennc_webshell_shell-2021-03-18_xor.php,tennc_webshell_shell-2021-03-18_xor.php,obfuscated,xor,1,PHP,3291
data\samples\obfuscated\xor\tennc_webshell_shell-2021-04-23_xor.php,tennc_webshell_shell-2021-04-23_xor.php,obfuscated,xor,1,PHP,4151
data\samples\obfuscated\xor\tennc_webshell_shell2020-12-06_xor.php,tennc_webshell_shell2020-12-06_xor.php,obfuscated,xor,1,PHP,2659
